{
  "train_loss": [
    0.5048847652594248,
    0.1928540257136027,
    0.14772544805208843,
    0.12538177967866262,
    0.1118192798892657
  ],
  "train_acc": [
    0.8458333333333333,
    0.9410333333333334,
    0.9552,
    0.9620333333333333,
    0.9661833333333333
  ],
  "test_loss": [
    0.08833085881471633,
    0.09042503557503223,
    0.06850035412311554,
    0.0422375163000077,
    0.035313657176308334
  ],
  "test_acc": [
    0.977,
    0.9743,
    0.9781,
    0.987,
    0.9889
  ],
  "epoch_time_sec": [
    24.955835103988647,
    24.38051176071167,
    26.828762531280518,
    27.635655403137207,
    23.888609409332275
  ]
}