{
  "train_loss": [
    0.4271662983496984,
    0.17957058323224387,
    0.14709394574165344,
    0.13079724791049957,
    0.12000237638552984
  ],
  "train_acc": [
    0.8652333333333333,
    0.94525,
    0.9550166666666666,
    0.9596333333333333,
    0.963
  ],
  "test_loss": [
    0.06424346779584884,
    0.04503387656137347,
    0.03962604134231806,
    0.051640287558175624,
    0.03227789749242365
  ],
  "test_acc": [
    0.9802,
    0.987,
    0.9873,
    0.9825,
    0.9896
  ],
  "epoch_time_sec": [
    26.164944887161255,
    25.55091166496277,
    25.886549949645996,
    24.74596381187439,
    25.112200498580933
  ]
}