{
  "train_loss": [
    0.5777223511854808,
    0.25296571612358093,
    0.2120455192565918,
    0.18726957631905874,
    0.1659927439769109
  ],
  "train_acc": [
    0.8164166666666667,
    0.9235,
    0.9352166666666667,
    0.9447833333333333,
    0.949
  ],
  "test_loss": [
    0.09234246686995029,
    0.05570329034756869,
    0.04609423087984323,
    0.037224914551246914,
    0.03490644627558068
  ],
  "test_acc": [
    0.9713,
    0.9802,
    0.9828,
    0.9862,
    0.9888
  ],
  "epoch_time_sec": [
    25.124176740646362,
    24.125805139541626,
    24.40973687171936,
    24.87889814376831,
    24.53720474243164
  ]
}