{
  "train_loss": [
    0.3961051209529241,
    0.16074678888320923,
    0.1309607706705729,
    0.11993785581191381,
    0.10572722138961156,
    0.10010447316567103
  ],
  "train_acc": [
    0.8764166666666666,
    0.9505666666666667,
    0.9599,
    0.9626166666666667,
    0.9674333333333334,
    0.9691166666666666
  ],
  "test_loss": [
    0.06703275268301367,
    0.03971500064823776,
    0.0381306142533198,
    0.0282760263601318,
    0.029019403857830913,
    0.025515414521633646
  ],
  "test_acc": [
    0.9805,
    0.9856,
    0.9872,
    0.9902,
    0.9899,
    0.9906
  ],
  "epoch_time_sec": [
    23.8964900970459,
    24.32722043991089,
    25.31087374687195,
    23.483302116394043,
    25.032925605773926,
    24.06946110725403
  ]
}