{
  "train_loss": [
    2.413220196053343,
    2.15717610437611,
    2.144043492088343,
    2.130263258081714,
    2.1229036284551985,
    2.123069854026445,
    2.1155050754443048,
    2.114048077977282,
    2.0959827125563573,
    2.035361428226199,
    1.9825920911001003,
    1.9225065149092444,
    1.8857219497993716,
    1.8469962372992936,
    1.760607481484146
  ],
  "train_acc": [
    0.19070224259289573,
    0.23288044960986523,
    0.23549953620341574,
    0.2344082501227697,
    0.23582692202760955,
    0.2378458012768047,
    0.23893708735745076,
    0.2398101162219676,
    0.2526327276695586,
    0.2738036776340918,
    0.2950837562066896,
    0.3163092704752551,
    0.32918644622687837,
    0.3399356141212419,
    0.37327440388497846
  ],
  "val_loss": [
    2.14169089707925,
    2.081856072343738,
    2.0770870616590256,
    2.0894375472911695,
    2.0328341822689793,
    2.032495273720289,
    2.0855814095243046,
    2.0804623119453356,
    1.963355492039475,
    1.946148042950895,
    1.8489118348683742,
    1.9005456213069338,
    1.7088730145156596,
    1.6452288448476573,
    1.4450472961319871
  ],
  "val_acc": [
    0.2791645440652063,
    0.27330616403464086,
    0.28553234844625575,
    0.272032603158431,
    0.30056036678553233,
    0.2890983188996434,
    0.2618441161487519,
    0.26668364747834944,
    0.3176260825267448,
    0.29852266938359656,
    0.3402954661232807,
    0.31584309730005095,
    0.3632195618950586,
    0.40601120733571067,
    0.49337748344370863
  ]
}