{
  "train_loss": [
    0.27141299624584075,
    0.1556876906584931,
    0.11394681714411328,
    0.09318821121003341,
    0.09264091435465568,
    0.07629103841793755,
    0.0768054736039363,
    0.06912116915635583
  ],
  "train_acc": [
    0.9195722158563867,
    0.9519834124515741,
    0.96278714464997,
    0.970917225950783,
    0.9710263545588476,
    0.9765919135701424,
    0.9754460631854641,
    0.9783379712991761
  ],
  "val_loss": [
    0.16721503709082816,
    0.1337915398085597,
    0.1298076441256264,
    0.14222843842452815,
    0.11862269000653643,
    0.15347145165976706,
    0.13237470206607682,
    0.1576537629622649
  ],
  "val_acc": [
    0.9488028527763627,
    0.9607743250127356,
    0.9643402954661233,
    0.9625573102394295,
    0.9681609780947529,
    0.9600101884870097,
    0.9666327050433011,
    0.956444218033622
  ]
}