{
  "train_loss": [
    0.39691071038246156,
    0.16072433241208395,
    0.12927991601427397,
    0.11253357609113057,
    0.10274539633194606
  ],
  "train_acc": [
    0.87625,
    0.9509333333333333,
    0.9604666666666667,
    0.9662333333333334,
    0.9682166666666666
  ],
  "test_loss": [
    0.07378332896232605,
    0.040675677908211944,
    0.04579493755325675,
    0.03458435354083776,
    0.02778123057335615
  ],
  "test_acc": [
    0.9763,
    0.9865,
    0.9847,
    0.9886,
    0.9898
  ],
  "epoch_time_sec": [
    25.00508737564087,
    24.007758617401123,
    24.54055380821228,
    24.556477546691895,
    24.432872772216797
  ]
}