{
  "train_loss": [
    0.8773996003468831,
    0.49975677366256716,
    0.4337349797566732,
    0.3935689474582672,
    0.37687221156756084,
    0.35687431257565816
  ],
  "train_acc": [
    0.7135333333333334,
    0.83915,
    0.86105,
    0.8741333333333333,
    0.8790166666666667,
    0.8848333333333334
  ],
  "test_loss": [
    0.20490940446853637,
    0.17357080599665642,
    0.09618114354610444,
    0.09250071731507778,
    0.08449105861708522,
    0.08128069060593844
  ],
  "test_acc": [
    0.9408,
    0.9467,
    0.9715,
    0.9711,
    0.9735,
    0.9749
  ],
  "epoch_time_sec": [
    23.40034317970276,
    23.63739514350891,
    23.21591305732727,
    22.982673406600952,
    22.844937562942505,
    24.31666398048401
  ]
}