{
  "train_loss": [
    0.9398444533030192,
    0.5171983371575674,
    0.4330338391780853,
    0.39437219432195025,
    0.36810614689191185,
    0.35579440477689106
  ],
  "train_acc": [
    0.6921333333333334,
    0.8402333333333334,
    0.8662833333333333,
    0.8788666666666667,
    0.8874666666666666,
    0.8922666666666667
  ],
  "test_loss": [
    0.21901586756706237,
    0.14075058022737502,
    0.12481418769061565,
    0.1163098753452301,
    0.1027013318195939,
    0.099761888474226
  ],
  "test_acc": [
    0.9429,
    0.9606,
    0.962,
    0.9635,
    0.9702,
    0.969
  ],
  "epoch_time_sec": [
    23.846482515335083,
    23.048336029052734,
    24.41442036628723,
    24.092474460601807,
    23.373126983642578,
    23.244600534439087
  ]
}